{
	"Sun_Allegro.png" : [ 		{
			"RGBA" : [ 0.921569, 0.729412, 0.384314, 1.0 ],
			"PofColor" : 4.101562,
			"note_scale" : [ 1, 127 ],
			"step_length" : [ 1, 13 ],
			"no_pause" : 1,
			"theshold" : 31.0,
			"BPM" : 120,
			"sum" : 712.0,
			"note_val" : [ 0.0, 0.0, 0.0, 0.0, 0.0, 0.0, 12.0, 16.0, 0.0, 0.0, 16.0, 16.0, 16.0, 16.0, 16.0, 16.0, 16.0, 0.0, 0.0, 0.0, 0.0, 0.0, 16.0, 16.0, 14.0, 16.0, 14.0, 16.0, 21.0, 14.0, 16.0, 21.0, 14.0, 16.0, 21.0, 14.0, 16.0, 21.0, 14.0, 16.0, 21.0, 14.0, 16.0, 21.0, 14.0, 0.0, 16.0, 21.0, 14.0, 16.0, 21.0, 14.0, 16.0, 21.0, 0.0, 14.0, 16.0, 0.0, 0.0, 0.0, 0.0, 0.0, 0.0, 21.0 ]
		}
, 		{
			"RGBA" : [ 0.403922, 0.431373, 0.690196, 1.0 ],
			"PofColor" : 8.300781000000001,
			"note_scale" : [ 1, 127 ],
			"step_length" : [ 1, 64 ],
			"no_pause" : 1,
			"theshold" : 11.0,
			"BPM" : 120,
			"sum" : 1077.0,
			"note_val" : [ 0.0, 0.0, 0.0, 0.0, 0.0, 0.0, 0.0, 0.0, 0.0, 0.0, 0.0, 0.0, 0.0, 0.0, 46.0, 48.0, 0.0, 51.0, 0.0, 53.0, 55.0, 55.0, 44.0, 40.0, 42.0, 44.0, 46.0, 36.0, 38.0, 44.0, 51.0, 36.0, 38.0, 44.0, 51.0, 55.0, 0.0, 57.0, 61.0, 42.0, 0.0, 0.0, 0.0, 0.0, 0.0, 0.0, 0.0, 0.0, 0.0, 0.0, 0.0, 0.0, 0.0, 0.0, 0.0, 0.0, 0.0, 0.0, 0.0, 0.0, 0.0, 0.0, 0.0, 0.0 ]
		}
 ],
	"Spring_Allegro.png" : [ 		{
			"RGBA" : [ 0.580392, 0.396078, 0.266667, 1.0 ],
			"PofColor" : 2.34375,
			"note_scale" : [ 1, 127 ],
			"step_length" : [ 1, 45 ],
			"no_pause" : 1,
			"theshold" : 5.7,
			"BPM" : 120,
			"sum" : 2920.0,
			"note_val" : [ 0.0, 0.0, 0.0, 0.0, 0.0, 0.0, 0.0, 0.0, 0.0, 0.0, 49.0, 0.0, 0.0, 49.0, 23.0, 66.0, 31.0, 31.0, 31.0, 31.0, 46.0, 48.0, 48.0, 66.0, 49.0, 48.0, 21.0, 40.0, 21.0, 21.0, 38.0, 36.0, 44.0, 40.0, 49.0, 53.0, 64.0, 46.0, 48.0, 32.0, 44.0, 49.0, 34.0, 31.0, 31.0, 127.0, 127.0, 127.0, 127.0, 0.0, 0.0, 0.0, 127.0, 127.0, 127.0, 127.0, 127.0, 127.0, 127.0, 38.0, 0.0, 127.0, 0.0, 0.0 ]
		}
, 		{
			"RGBA" : [ 0.980392, 0.827451, 0.458824, 1.0 ],
			"PofColor" : 6.738281,
			"note_scale" : [ 1, 127 ],
			"step_length" : [ 1, 33 ],
			"no_pause" : 1,
			"theshold" : 5.7,
			"BPM" : 120,
			"sum" : 2354.0,
			"note_val" : [ 0.0, 0.0, 0.0, 0.0, 31.0, 34.0, 36.0, 40.0, 36.0, 32.0, 38.0, 49.0, 51.0, 38.0, 34.0, 38.0, 34.0, 32.0, 34.0, 61.0, 32.0, 0.0, 34.0, 55.0, 61.0, 32.0, 61.0, 34.0, 61.0, 32.0, 55.0, 61.0, 31.0, 32.0, 55.0, 53.0, 29.0, 32.0, 61.0, 61.0, 59.0, 27.0, 31.0, 55.0, 61.0, 27.0, 31.0, 59.0, 61.0, 27.0, 29.0, 59.0, 25.0, 29.0, 25.0, 59.0, 61.0, 25.0, 17.0, 21.0, 16.0, 19.0, 27.0, 14.0 ]
		}
 ],
	"Spring_Andante.png" : [ 		{
			"RGBA" : "*",
			"PofColor" : 0.390625
		}
 ],
	"pyramids_Andante.png" : [ 		{
			"RGBA" : [ 0.270588, 0.270588, 0.231373, 1.0 ],
			"PofColor" : 2.34375,
			"note_scale" : [ 1, 127 ],
			"step_length" : [ 1, 53 ],
			"no_pause" : 1,
			"theshold" : 5.7,
			"BPM" : 120,
			"sum" : 240.0,
			"note_val" : [ 49.0, 0.0, 0.0, 53.0, 53.0, 0.0, 0.0, 0.0, 0.0, 0.0, 0.0, 0.0, 0.0, 0.0, 0.0, 0.0, 0.0, 0.0, 0.0, 0.0, 0.0, 0.0, 0.0, 0.0, 0.0, 0.0, 0.0, 0.0, 0.0, 0.0, 0.0, 0.0, 0.0, 0.0, 0.0, 0.0, 0.0, 0.0, 0.0, 0.0, 0.0, 0.0, 0.0, 0.0, 0.0, 0.0, 0.0, 0.0, 0.0, 0.0, 0.0, 0.0, 0.0, 0.0, 0.0, 0.0, 0.0, 0.0, 0.0, 0.0, 0.0, 0.0, 34.0, 51.0 ]
		}
, 		{
			"RGBA" : [ 0.490196, 0.415686, 0.301961, 1.0 ],
			"PofColor" : 13.574218999999999,
			"note_scale" : [ 1, 127 ],
			"step_length" : [ 1, 64 ],
			"no_pause" : 1,
			"theshold" : 5.7,
			"BPM" : 120,
			"sum" : 2276.0,
			"note_val" : [ 14.0, 40.0, 42.0, 44.0, 46.0, 48.0, 49.0, 10.0, 42.0, 44.0, 48.0, 51.0, 14.0, 16.0, 36.0, 40.0, 42.0, 44.0, 48.0, 49.0, 51.0, 10.0, 38.0, 42.0, 44.0, 46.0, 10.0, 36.0, 38.0, 40.0, 42.0, 44.0, 36.0, 38.0, 40.0, 10.0, 38.0, 10.0, 36.0, 38.0, 10.0, 36.0, 40.0, 10.0, 36.0, 38.0, 40.0, 42.0, 36.0, 40.0, 42.0, 44.0, 10.0, 40.0, 42.0, 44.0, 10.0, 40.0, 42.0, 44.0, 10.0, 40.0, 42.0, 44.0 ]
		}
 ]
}
